"HolderAddress","Balance","PendingBalanceUpdate"
"0x00000aeb691b7f32532f2fba66076af1c499a171","0.000100988140821663","No"
"0x004c7f45a2cee4336a07480fc8fa78c101c10409","402.509295321761","No"
"0x0056d1fd2ca3c0f3a7b6ed6cdd1f1f104b4bf9a9","2.67354512919447","No"
"0x007a65795aea058d7b7e8d33c6e954f8bac533cb","2.06426614210693","No"
"0x013d0ab50dfe291f61b3cc293639d02b84063204","0.294319673801212","No"
"0x015fb9314f067e87ec9b40e07cafc5b2bbd4ead8","1.14257607670635","No"
"0x0167767e7ffabd6e9fe1f958535bf296622d4b21","0.373718070078108","No"
"0x02b7d7ffd7e73e294b6df93a535dc518167c447e","1.65398773255229","No"
"0x0308677ffe2a3c1aa8524f9babc94b8baec9b0ea","8.898287911012E-05","No"
"0x03286d738becd6a068822ff5a970a43a8c4fb76b","3.4458295292577","No"
"0x0412ed8438b5fae246606909ef8ba365f9103783","354.488401777608","No"
"0x04446f57c6b5bf61d46d44eb0fbf37d7f34b27b4","1.78218334298789","No"
"0x0499d821624288509cad73b17f57cc528f066ca5","1.66144668776566","No"
"0x04b9111c81345db7c315f418a3ad37a89a0404c2","0.260933992602133","No"
"0x050cbbcce5bc7d4e7831e9136dd54151609bb7ce","1.21917890342698","No"
"0x0700d5329642fea897b4b09ce3675ba131de154d","30.4529407258889","No"
"0x071ef7f7b9dbaba85fd6dc9f9a9b10e71f00a69b","0.124143356547892","No"
"0x07763129fa385d896bd3112298f000080c04a980","0.089685913738895","No"
"0x07c9ceeee50cfc50f4283e8f0b18a207c2bc4a0d","0.103877577900976","No"
"0x07df7775902c31c24eddac2c462b30cf988d7e19","0.122314635302115","No"
"0x08a61c799e05f983803f33696f5654a49e166d19","1194.33856487999","No"
"0x08f99f49f4b5e7e7d57e4035fa0d4c2a32746223","3.65370423366842","No"
"0x0971cb7d029df6d7949f293037701ba0585cad88","8.92490159628183","No"
"0x09b896fa468654667449b04ec7881c87b4ffe641","0.000112229998261168","No"
"0x0a3cdf75aac28110b77b8a09f3f70427dfdc1738","0.513186989727548","No"
"0x0a4b2413fc8f172633d8b146d0f3423049d84528","1.7008914317324","No"
"0x0a8e20ee171630ef9dfebf02149169f90c133cd8","149.488587804479","No"
"0x0aaf72da643570da1bf76e8b3063c3f378b3d3d4","0.000476362900192512","No"
"0x0ab50822485b4bc6f7910eb482f47cac2891dd12","170.539193066222","No"
"0x0ae72609b7b6269bb1a289761120d490150b04a3","0.63348037522132","No"
"0x0b1fdb90501286ebe6087b6660c3a48db9898fad","61.0753258115103","No"
"0x0b7124d03c7f8cd5010bcfdf356cca3c08230811","8.941686610426E-05","No"
"0x0b946efae53975b97a0d1d02f75fabf55d0d6a96","0.228058064735524","No"
"0x0cd06432a9734ff306cd3baaed24952b93c00190","8.8982879426891E-05","No"
"0x0cd7f0a290497f80b0ce97d63a7a06750a5cf719","4.00153952784585","No"
"0x0dd1fccbb80746a75c2fa6d38b33bac9175dcdd1","908.603278552989","No"
"0x0dd3e554c9ca47cb3a7b5935a9743de812dfc010","0.360462036380132","No"
"0x0e2815a3eb33db37f4a0f465b34566d99a0178cb","14.949484788207","No"
"0x0ededf599b6e9d7bb3fa1462b49623c56323cc18","22.433805987018","No"
"0x0f497f082539a8d92ea1c0573456fbcd9f2e4b33","0.359364144319988","No"
"0x112be8010ac3ae3aac99490002555297438ac394","0.0392069754468846","No"
"0x1178463f809657513bfaa2bb69dbef55d9f61e9d","15.3836157397778","No"
"0x1229a70535ab7cf4b102405ed36e23c9d69ec0f9","300.200708679998","No"
"0x125f95140e9c4b34043546bb5ac302b3aecff65b","781.959389578867","No"
"0x12a9e548af685735d724deb774f447fbacd5756d","0.0721497154100163","No"
"0x12d0f12d98bbc9187667f7996bfdd51648fdc360","0.0686254924148033","No"
"0x1333c53a798547126ca04647ba925485a6fa7aad","145.319993514951","No"
"0x13866c20867e237f66f348306213f87ed5baf7c2","0.487732174386464","No"
"0x13a9f6bb4de05ff2c8f9ee39668c951ba97b816e","45.9922965918197","No"
"0x13b10ea9c71cca4376a9bbc155988d17e82b4784","9.99926186184E-05","No"
"0x13c9d9b81513fe8ef119408f916b74118478cb03","294.559146216086","No"
"0x13cc926a2dc6d84e1c7298029d211553477bc94f","0.998990721161651","No"
"0x13d6276922ffe432f48d70122d19886433fe825f","0.144933288316576","No"
"0x14fc383a6d1f731d36969a84dac74dcef71fa49d","0.758636407835506","No"
"0x151a712cbf1c3eebf3ca747d165c1988b73348a8","5.09035361938719","No"
"0x16d84d20f16b37d2ef7dc5d1f5c955a6bfd61e63","0.824880145530068","No"
"0x172c086eb23e7a16684bf341752fe378d155b1c0","104.51143932965","No"
"0x1789bbcbd18707dfe640c5f7cf9246b0dda6ea12","2.08466359448046","No"
"0x17c2ae42fd7cdaff7d7b5f6c9ca729da3718ed4c","0.0144472254376539","No"
"0x1892b15cece1471494af00e7552693f3facc8ec8","13.3175359845736","No"
"0x18b9cb13f04bb9d8f98abb6b8c11cd3b3ff29844","0.000112519114492949","No"
"0x191ea1ba47cf2c0df4836c75ab524d4ea07f48e0","4.0703431319914","No"
"0x198ca1beacf70b82c4e6de21e8cb7b6da6d8477a","32.2769967610775","No"
"0x19ad5a0d5fab6d398328177ad5e39f63589dae4e","0.278891303644205","No"
"0x19fa51f95c4f327df9d49454dc17aaabfa8779a8","0.91335047803812","No"
"0x1a0a3bc96f278c07eaf2468e483ea8301a86bef0","0.000112519114140725","No"
"0x1a249e361f9e6f9b9de4bb528a72e6a1f8345241","938.464410582493","No"
"0x1ad5f28a4775f8292eedd3288ff760dd9e825d05","12.5369132266863","No"
"0x1b004189e64d5b2f71d5be554470e6c49e10123b","86.7465961089778","No"
"0x1b7df0efb5b552a3f87e85710e4580c84355991a","8.39529178938616","No"
"0x1c012b03f1c2dea274d2eeeb566b0eeabfe3af1a","50.8946370623357","No"
"0x1c2e4b068f69a46d8cf7995db90d38428163b979","1.09867270447044","No"
"0x1c39babd4e0d7bff33bc27c6cc5a4f1d74c9f562","7033.90083571266","No"
"0x1c5ccc3ed76c906e6157898ab4fbfd1b511ace46","1.9","No"
"0x1c8bcb6348c84122e67a50e513a1e183c0e6929a","7400.98425285108","No"
"0x1d00575261dc30869ba8c9e6c631776eb8736789","8.54938191106696","No"
"0x1dce25415d54e6bc694aafa6cd5e650d28bb786a","0.592705823786988","No"
"0x1de965e6ead5402ab13c8ea96ebfcbee1cdc4c7c","18.9692044759615","No"
"0x1e8aad00a36322522e87f048dcd408db8465139f","17.2075983731336","No"
"0x202d03176ff75ce4c31716e5b71ef3df9e81143b","0.0191533698893822","No"
"0x20714c6865c5201d1782e632e40c46c0c6126680","353.584493489572","No"
"0x20b8525552c4824fb7b9ecb15d97147e801622f4","110.186834554492","No"
"0x21639a426a07498c4e7157ba909f92da2d57ce87","2.09052053273038","No"
"0x2169d807dd3936d9960dd0d8117b19d4da24a6dc","0.425568926123734","No"
"0x217c70a564a9bc0572426fc068eff0caf70e6b41","388.653508194387","No"
"0x21dbb21b5c9d13f06e5a25e1692ff8af6f824492","5.86745636682993","No"
"0x22a362ab3bce218f16c785c24c4ab0ee56d0a0a5","1.00355858774347","No"
"0x22e86ab483084053562ce713e94431c29d1adb8b","3.11494758611612","No"
"0x234874cc88f503d6121639ac498b7c89e3c172e5","5.67298032690265","No"
"0x242d7cd78cce454946f35f0a263b54fbe228852c","1362.42833174731","No"
"0x245059ca13382af524b1c3a7374b8dc48a0f2195","8.35848020270218","No"
"0x249e653e30e9e555215f3f2032efb53b4866632c","15.4947310660627","No"
"0x24b23bb643082026227e945c7833b81426057b10","3.8732395422861","No"
"0x24d734a75166e66000c8d7f12a173e41358e3cc1","10.8669029840482","No"
"0x24faf482304ed21f82c86ed5feb0ea313231a808","3575.42117041545","No"
"0x250e043227251b3a25a069de432f154e07e55315","21.6560310898685","No"
"0x2533321a436578c60a176bd7cb0f9b2590a98ea1","17.2839120230669","No"
"0x253e951afe5b8839942049e81f2758fd3257936f","4.17960558568976","No"
"0x25cb995b4e44b8297cc4c54a7b6110336c325b29","10.9534714633457","No"
"0x262275bf0e822da14c5330508c72fd61bf51b00b","83.4836469494231","No"
"0x26273e65aab399b7a2f5bd081f4569515effd050","0.371729509117262","No"
"0x26ca88e326604bfae8a3ec47a25faa17c0b77da2","0.606313446286291","No"
"0x272341438ad3d342d0a094fd3dbdc083a94dd20b","0.000112025743315782","No"
"0x279ba53a1ad77793544eaf2ac7398a7bd7361aaa","3.44187312107737","No"
"0x2827a17da905966abd0d51dae348e869bc771974","33.5595863939488","No"
"0x2842de96407d4d84915d0af10ad3d56c0092d422","44.6045085004098","No"
"0x284f15960617ec1b21e150cf611770d2ce8a4a88","2.75208082950616","No"
"0x288edf6c2963def848b9e81f03e791d3420715a9","0.189009578903722","No"
"0x289c23cd7cacafd4bfee6344ef376fa14f1bf42d","181.06829334616","No"
"0x298902f6b2c80f35b826cfa33f6e75d9fbfd84a8","97.7878568206193","No"
"0x2a25ea7f6f6e82957e7ca223f229a3b4516a8579","0.000195593173015492","No"
"0x2a38cdc3b56028ff88a52f263db26ca6867a52a7","2.93269172319155","No"
"0x2a4de8a61cb7882c06c9c45ea187adbdf7ccc286","0.0246684707938588","No"
"0x2add0d1f79d881854ae4de523d32fa1b267b2d21","0.000112519115428333","No"
"0x2addcbec729cfd1821ef115890d55a226e496f0c","0.000112660482021804","No"
"0x2b40cf67d1a6445f19aa438a96cdaac13e5cece7","8.8982879743662E-05","No"
"0x2b6d3593a7df7532a25cce186ac127e5c2c64196","3.21000530164866","No"
"0x2be52b4429dbdfefad766ddddd16ac0777476edb","9.83844069031596","No"
"0x2c0d351e5b58722676da689a4c2b7cfe68a6052e","0.454577542578771","No"
"0x2c2579b2f41c495238ba8f3ee3b073a4cd01b16e","3.64328553929109","No"
"0x2cf5aff86d2099c49fe9400642fb77421940d600","0.548773447802905","No"
"0x2d9a1458a0c6277d680ce76f8db4f1a60f051ecc","1.50062813135305","No"
"0x2e4ae4d3bd0af45040b4f17e0bb7e6dc548626b1","95.5090996113628","No"
"0x2e6b28fda29e5328acd9cadaf6b5900daf5cb576","79.4776476926525","No"
"0x2e800c331b153d2ef0b60f1b58074d39f092706d","0.275030618090178","No"
"0x2e96ed2281c3069c6abeae5d9560f30f716d44b5","12.5502910829131","No"
"0x2f5737f94d62711639bb53b6aebe047843ba291d","101.248151026421","No"
"0x2f92dd1c3c25dd02eba81b9ac1d3c46400f2230f","64.5806720849525","No"
"0x2faf55a544c5f73666438bc185aecc9d685e6e3c","0.688999448504465","No"
"0x3006ef6777ccc79c3af305101fe0b3d14bd47b59","1.38486423692969","No"
"0x303b6c0d8608b6683caff4f7e1cfab556323ee35","291.673576234011","No"
"0x30e90ccbb23704a7d893fbc20cdfec712a6b2a41","6.13375245474014","No"
"0x311da6d80cc8994193168ba51b074649606cf6d2","6.23143216341639","No"
"0x31e0cd40fd6246e389373cf997704c0f9ba84fd8","3.91505010947343","No"
"0x3217ea41a3fb8dee0b16e2851677f0c1a1f19e48","0.624638965924756","No"
"0x3230a79c196958980f058d0dbd5e6a5fd3ea1778","367.012849733448","No"
"0x32a59b87352e980dd6ab1baf462696d28e63525d","60.7455240641034","No"
"0x33da15bf63c4e40d84f2cf6f440a3b8ae75a133b","17.1901107480849","No"
"0x34a86cdc9b0a58f8cbeacd567acbe3a22a391a77","31.0296069992661","No"
"0x34b43321190a3ef2b665f51000cdc27056c25e75","0.0409330029608956","No"
"0x3541306371fb642aa845aa232c6781f5f1785f05","0.000112025741672111","No"
"0x3548fbc04fc033e07e8004904d18fad502f4f307","261.855579466078","No"
"0x358de7bae44025257eae6dd2d9774e7cbdbeeeb2","25.6763416205312","No"
"0x359afe14202a131cfa9c59244606a2b0c26d7773","0.000101181040782821","No"
"0x35a7d6dfc1041d3c774b1f0ad7e8a4fcc61bbbae","15.9420236934712","No"
"0x35e9f63348d4b3877217b937d2efd5e1f34cce26","0.000112248303722455","No"
"0x360c152c3e47587f2d6cfff424ab71e1f3607368","90.9887148261868","No"
"0x3613bc8c90c3fc79bad550a371ed0cdc77200901","7.48829688428265","No"
"0x36a787783cfe2579319a3e2823d2a77384ff0b6f","0.000112025744253085","No"
"0x36e0b45a6ab40a3df9d8023b75a4c16ca7f90d51","30.340851005899","No"
"0x372f9caf2850d56ea40bedb93900fa389f629ced","0.20200668935945","No"
"0x374f5fa69b977964d5242c95cd2d31db663bddf0","4.42497011242714","No"
"0x374fcf2358549eee84b564ddff9497e2887eb0ef","2.33652806794116","No"
"0x37575a965f7118cd42a15d7d93b0102a267271f5","1639.3467499511","No"
"0x3839acf1ee7699d1f46b1be840d8ad8317fdf757","11.7593818211725","No"
"0x385c87ed995cb6c02a7603b4828a0b546260188a","30.1332374720742","No"
"0x38c03cb136fd8b48e8b631c6d11d5ef7f77e3898","0.569867424238912","No"
"0x38c5a3e2d313afdf31f9b1ca0388b69ac9c6d95d","0.0377055312314401","No"
"0x3923cde4303ad8aed18e2b8fcf1909718fc6b480","1.94668836518334","No"
"0x3979dadc2710a6db1dfea706d9376256d69a6eae","18.5733434022065","No"
"0x3a6a8da93ae217e02a7a86152ed1cc61516a627b","1.37097522947197","No"
"0x3ab8dccd0a3f3cdc8fd3d5c55957810971bef622","0.0119878594912981","No"
"0x3b5b5bd95867fbbc6fee07edd1d4affe3b0425a4","1.20389750740847","No"
"0x3b60f8b2f83e26de0eb3eebc4ca034052546f9a7","5.56677704831012","No"
"0x3b717f1ecf9cb217b0b153bc1ca0c1c9ad6311b6","0.443248766117218","No"
"0x3b96f42780993619e4b47b30387debbc98934220","67.6635558093714","No"
"0x3bc33a320564f11f600e4e04cc12f0c3a43f79a7","30.9761027168508","No"
"0x3bfe14b758d1cec88e29c4748c09420b6e4319db","1489.32568864735","No"
"0x3c229864378b3b0adf98ae247ca33986aed8ec1e","11.3070061466565","No"
"0x3c30765cae26cc563411e08f3084387bdd557e74","0.573269795030916","No"
"0x3cb70fc1e2849451512951807f1aee3e02234aab","11.5908565932152","No"
"0x3d207fcbbe0a82870481734606455a5f530ff1e6","9.48732370953182","No"
"0x3d730f7eaffe02459e8337cd76b3ee2da86fbfbf","0.0191420232766399","No"
"0x3dcff723ecbdd9fe2ee2e9feab808a7f2cc366d3","32.8212290125464","No"
"0x3e15a881fe679c8faaa132b0a6a9baccaaa761e8","8.8982880693975E-05","No"
"0x3e71dabc6e05755dc3d45175deacabf6ea6b59c9","81.0074941584234","No"
"0x3e9b4e75518543e36c502bba74aa15b22b139d37","0.000299977859337608","No"
"0x402271bf5afc55178006ea14abf93c3c86f29f94","0.194742153819851","No"
"0x40630b4fd61523450b3dbc4d9fd672aae0a9c31c","0.62845179012573","No"
"0x4075c36ab1895149435031ff8ef9d3e52ad01ff8","17.584200454707","No"
"0x40dcba8e2508ddaa687fc26f9491b8cca563c845","11.8630078583304","No"
"0x40e318616e5a84f7baf5ca5e1fbad917e86f4bea","3.47488845734608","No"
"0x41546acde94953fade02cf27a25303a4159d5187","6.95743625450003","No"
"0x4202e733eb2d17a92401fd75148d04ac1b28f1c3","12.6089996488644","No"
"0x4281e53938c3b1c1d3e8afd21c02ce8512cdbc93","7877.51291448417","No"
"0x42b9df65b219b3dd36ff330a4dd8f327a6ada990","0.00112565458146869","No"
"0x42d13efa958586ff2d3ec20956d44dad8da55864","517.817395551985","No"
"0x438fd34eab0e80814a231a983d8bfaf507ae16d4","7612.59882805128","No"
"0x4460f5a8b623a27b8cd66ffd53853327e4e95fa2","9.07771661127005","No"
"0x4542bf98dfc98b16089537b4caf60c78f685c7d8","1.50065317556823","No"
"0x4544e2fae244ea4ca20d075bb760561ce5990dc3","56.5532926638399","No"
"0x45f72add1a4fd75f5aac28b503d05c1875aa23f2","0.000112229999665932","No"
"0x461e726863528f3f8a3f639a379c2bd1d834828a","0.165216165720691","No"
"0x4622bef7d6c5f7f1acc479b764688dc3e7316d68","0.794598188058007","No"
"0x469880d6013142ce79e6b795e6a9f3f564feaf7b","1.63027251996846","No"
"0x46eea8d5b37d2db51f35c1bc8c50cbf80fb0ffe5","997.995177668628","No"
"0x4724144c79bddd2e35a3cc42f2b679a85b88e377","0.00030057809519244","No"
"0x473bbc06d7fdb7713d1ed334f8d8096cad6ec3f3","1E-18","No"
"0x473dff3f18d2b44e98129b7b1ef6f5a7d28b5270","24.5524318324164","No"
"0x47d5592606622d807f3b37e5e5c8268355e30925","0.164939913575524","No"
"0x47e6dac0fdb0e9de4a1070e1978aa6cbeeedc32f","572.004694178026","No"
"0x483f556fa515bfe3d015e71b65b7e3cc84815b8d","681.190115702732","No"
"0x499985d29effbf8d12c6b3a742edf9fce6113abc","12.6482080258918","No"
"0x49a1b2b880a063c197fbfe43f6b32146b2a47e49","0.407421551558138","No"
"0x4a47af165803cb6de9b1f72220fdb93ab7a5f16c","0.000112025742962598","No"
"0x4a74eac494c34a8aa997a7cc8d0ebd7e1174bd4f","199.824193312471","No"
"0x4a9c4f776ece9a8a396ae7032100df149a1a6541","1.4852228246775","No"
"0x4b1460ceeb38047ba8e48c0234d53467d58b0871","0.110123589626281","No"
"0x4b64ee0ce4a1e93a48b3e31fb7476cfe1d2e8316","0.455906530174763","No"
"0x4bf1fbc233cd6109c35a4cd9d34540173af3234c","6.83487573861261","No"
"0x4c6261eca5fa15fae6cc6c1ba3f872a7edfbeb6b","0.00406143189115481","No"
"0x4d0141f68c06d0a99f50993d09e23d9838be8115","41.1108152481162","No"
"0x4d26f0e78c154f8fda7acf6646246fa135507017","4.63426623619942","No"
"0x4d2eb1b7c4b2814d04967263d7c5b21864e9fe08","13.1333337692813","No"
"0x4ed7a3cdb17c9a3363b5c6f5aaf981ee2dff43f9","3.16055108206325","No"
"0x4f059f1e771072a8f82d65f72950341b7d7c375f","0.0279425704362608","No"
"0x4f181728d315c30c23431828fdac44c77d7a0777","0.926058287984152","No"
"0x5124f308b6f4257165dd91d3eb0a88dc64765f60","1.46196386161066","No"
"0x512fce9b07ce64590849115ee6b32fd40ec0f5f3","31.3520574091343","No"
"0x51ab3dbf9a5089a85e6e3e8252df7c911078dd84","220.221362675019","No"
"0x51ec7b4cdfb75230cae81e8c32f99504bac45d7a","0.198663188641052","No"
"0x53351c4d485b790f43acd33ec42bdab80736636b","8.8982880377204E-05","No"
"0x5388784b282aade96ce8d792b50a16bd7184ce71","4.35478671024936","No"
"0x53b5f97c1357fd8a5c90ca15c40043bb2899e2dc","0.734178399846014","No"
"0x549c0421c69be943a2a60e76b19b4a801682cbd3","3930.75240802402","No"
"0x559d8bc5854c7b8c7f8725f88af056d07d9bd850","4.37393677036691","No"
"0x55a1d06e702612689d4490b053e6ed7aa2528403","0.305378431542179","No"
"0x5636b704c6fd4b3a49ae9418da4cfca84ed04040","9.9992621640624E-05","No"
"0x566bd52454aed2dafd7469c8aba9e313a748cae7","6.14596548183976","No"
"0x567e703e80eb6ca5d083dcf787d6d501e6c347bb","0.779879419001255","No"
"0x5682cddb3bbb1731ceb8c4cd761eac9f31b84d27","5.62200913467273","No"
"0x5726863cfd2e5cb4005b6e15f5ae9bc6be0e998e","1.8810641896719","No"
"0x5853ed4f26a3fcea565b3fbc698bb19cdf6deb85","0.0134163187509357","No"
"0x58aa247c070e00a08aa89608fe4bcfcf8f023f87","0.797439667440673","No"
"0x596888345c9e3c6f7d0f4e5d8590941e2cab52e8","8.00238979041226","No"
"0x597a4ea61dcbab25cd9c5295acfa62490320e8a8","0.000112025743784433","No"
"0x598265c6863811ce5e7e65a55b16322ceaff068f","460.584725816405","No"
"0x59c603de4a12190696da9cf58044b14399c03e70","0.607705784783448","No"
"0x5afefccae3f425ff0db3bd1bc05ed8d009c858d8","1.72332864567452","No"
"0x5b13375f728867d52b88972b8fb8eac02923b911","36.2805407817459","No"
"0x5b3dcb8b6f75a2d163bc547d96c2c8c24973f6e6","0.000112660480735023","No"
"0x5b607d28180f7260c6726048e909cb8f1a271ce0","1.51222391119736","No"
"0x5c53bee9f713d427fd930f8910cb9442422b98e4","1.11777097255012","No"
"0x5d3d55f4abd9843416254683933b093f06cb0e72","0.347114457592765","No"
"0x5d58518c1902ed78c48d77ebe71feede67419438","2.86266081570876","No"
"0x5db10e4c89a5224aa74e928dcbe80a0b3d9ef292","2.85834209176562","No"
"0x5db1db3b555386565c604d3089185fce6c0f5336","805.644507875058","No"
"0x5e0c2c7527add488daf7af500fb90373456a5acc","0.200205572718724","No"
"0x5edfadf3bef59843e7a8762fca325c00daa26819","1.61386264667263","No"
"0x5f9df3e67bad9edd6a34c64c7b1399483b988d94","133.506625866056","No"
"0x5fdb500ba1d9b6be0c164ce609277cd968c5d45e","2.10854079708427","No"
"0x602b2d2278465ea5823898000140cef95f2b8d56","0.827781324403614","No"
"0x6133cdeb910b9322fabe88e3c5b15511ba3b62cd","81.0143355787526","No"
"0x6169ae7075c96a59533318c91b67009450e4a7f8","0.0980379038757346","No"
"0x626dc1c3a2991dfc91973b68d4131ef8d1487513","5.88205578145633","No"
"0x629ae1f362a2bedb64c190e3ed96dfee963bd488","1.24229168224751","No"
"0x62d75fde870bd14baba4ccbfc706a92c6528e944","1.84026946606505","No"
"0x63ffe4ee5d46a39768067166138c184bc7e283d5","21.0344356527547","No"
"0x64edca441aae7b3dda4b23f2cd6546c501ab894f","7.69514907475656","No"
"0x65be7289cb4947362d8e8561713324a798c6adcc","1.80671081714867","No"
"0x65f6d626f575571d193ab303ef0ec4c0dffcb2df","3.57111785384272","No"
"0x660939b21c0ac3339a98db9ffbda74cd59e07685","81.2659461755344","No"
"0x663410ef3d3b59b309cc233ea0a317a40f40dca4","4.81462409562212","No"
"0x6724f3fbb16f542401bfc42c464ce91b6c31001e","5712.56982104436","No"
"0x67a2aa95d71ee72d0ccd492668ca125362f7d1e8","3.53658151594208","No"
"0x67b036a5832a87ebd5ea2e3fcf3965ed52cfef2a","0.000112248303254236","No"
"0x67d449ac51ea1eee3a9a75a4b347af864ade44cc","1.43869367802074","No"
"0x67fca6083745339cc8fb3d8bec011cc7dda13a17","0.940012797263232","No"
"0x682c4184286415344a35a0ff6699bb8edabddc17","16.519649653161","No"
"0x68319784de2ec8e0785de5fb8c90239daf29ed86","0.0363007820745638","No"
"0x68810aa33400d41f30c7830bc676b2bca1d647ad","2.07382342329697","No"
"0x694b5ebd3fe3a91f348d6764239b4c8d11491103","0.0815561651588405","No"
"0x694e054308f1e2dc9dbfe1c99c6dfe61af628bc7","71.2292379725225","No"
"0x69af40629be7e7ead6e9bc43045ffaa24d8823d9","31.0476557391389","No"
"0x69fb8578d9a79a2f6f60f3b5b5a640140688a344","2.44698118739361","No"
"0x6a025e093c6c0c5381d5763283e1db339ff22eb6","5000.67098486142","No"
"0x6ab12222e1207bb8bd69ca3b91f30e19274d39ba","1.03507001913942","No"
"0x6b7429abb663fe03ab24485a40dee8bb50416ced","0.000112519114960641","No"
"0x6b7ac46d09d2adf4cebe2995ebf9d97e13e9e257","10693.5374346401","No"
"0x6bb740b57627123ecb2debe195ea5b225b4f9ad8","8.48434237868576","No"
"0x6cdcc050e86692625d9a0ff6d9211e6149196794","5.52672560404128","No"
"0x6d598fb1a1c901f22257b7e65c55bf2c06c1aca8","5.77179859831712","No"
"0x6d96d7c5083b7e62274af095df87cc29115a4249","3.73376462536007","No"
"0x6d9964a4c2cbf389ef48a5cfe2f0649d4a83597f","1.48953235588956","No"
"0x6dc52ed08c6cc390f281a5af58d7d83ece91780e","2.70618510548341","No"
"0x6e2443ea72681d107ed66ce286aa5c7def07d377","146.133659367741","No"
"0x6f2a999383c85903f3a1d13cc30d6afbce67b5d1","117.182011770957","No"
"0x6fcd1d27742bf5b7ea07224e2afecde1dea21b5f","0.000112660482489221","No"
"0x701902858a6a9b6f36603244622732d9ec57a82a","20.6483717631829","No"
"0x7019be4e4eb74ca5f61224feaf687d2b43998516","7.42727068644821","No"
"0x7093f8979a945bcdc52284027929defa99977671","38.3902342876272","No"
"0x724cfc49ecbc581255ac815f59a81e0bac8a4c63","1.52296243012108","No"
"0x724d8fa68751313a55b72dec45581d64a9ca2217","1.89277204297452","No"
"0x72aa5ad78fb4f2e567a5df833dad12f60b52db63","1.09562637066074","No"
"0x72dc8c146fc917221125ee4bef1130e5a58e4c0f","76.1517915768827","No"
"0x741bc936b183f8bcf807c0204bee62fa68ea561f","2.50165697350471","No"
"0x75086316ae15b560186878cab2aef4db6b924285","7.62680412020722","No"
"0x7545c5278e9c964338370f615ddca041b1575773","11.8897810610429","No"
"0x75a28bff85c845a59297cab7b3cc5686554914a5","3.49137199848528","No"
"0x75ac449e4ae6ee033fc89c2235fb5e665da9440a","2.33242313754964","No"
"0x75bbc7d37d3bf975b527cf2e99b947d61a22ef95","1.18550766043677","No"
"0x764a81d1dd7b0691b918f09746fc42ef59609a3f","5.73999251657935","No"
"0x764f4909251f81976a0a2dcebce95333e4c27517","6.74087097054862","No"
"0x772e8e3627c52127d02dc3698c3f3e8177459dcd","0.212436444832027","No"
"0x77856de57a7b5941ee1f19d6657458497a6f3339","1.08146141931676","No"
"0x77e9fec1bae22a93b975f2eb00208b6cf4cc44d4","0.497381058431248","No"
"0x782316befcec675bc9bbf7282702e5ad4c2bd8c9","0.136228720251575","No"
"0x7833d456e033dc72bf43a6dc792645f7193f6c03","0.326507161622026","No"
"0x78e96be52e38b3fc3445a2ed34a6e586ffab9631","515.163388415439","No"
"0x796abcb3075fdd05fad11e9c70203285060c61ef","0.230243320608357","No"
"0x798f73c7df3932f5c429e618c03828627e51ed63","3.74454872428448","No"
"0x79a390924d8837340c09808e9bfaf8d4f866a213","0.791551951569106","No"
"0x79a98a9f41051e119cad1b9ffefe523cd0be65f0","36.9297404804592","No"
"0x79c3da78acb0206d1bbca5edab70f7fa04ba66c2","0.000112025742493946","No"
"0x7a09696e30192974d732ceb3e82e1306385886ff","0.680267982983846","No"
"0x7b004ea66389ca8263632719fc2ded63af288912","0.0010230946067393","No"
"0x7bffcd7d2c17d534edf4d1535c8c44324eb13a36","0.00789914241160317","No"
"0x7c0691d221b6576c051616d8c6e0792a6540a4a4","2.32164145353572","No"
"0x7c0f8a8b90320a2e42758dd5acb08ee97f9d4f14","12.76767089986","No"
"0x7c132bde28ad1e0101d45121757d7c6c2e8a550a","313.989100109163","No"
"0x7d90400ab649db99cd76053740a13fe920a994ef","1.43751182985325","No"
"0x7dd508a1e4da1243789b799a480f8b45e58b1b5b","3.84396092108695","No"
"0x7e5ce10826ee167de897d262fcc9976f609ecd2b","0.888828472050107","No"
"0x7e7d276acf6e572d2da9ccabfee401bdfbaf6754","2.69700203277095","No"
"0x7f1cd22f3e8dfac287cb6b1d29a4d28ecb797b9c","0.000101181041227088","No"
"0x7f4570e5e5d3b454a4a98b20395ffa83b587ef67","1.12724484997619","No"
"0x7f6370fe7d546933de1a8b25440ba365e8da5db1","0.0427854780450906","No"
"0x7f85c38d42c22e3c2e82590f0234901757d77218","143.946635620134","No"
"0x7fd140395a067515bac11391db439130ca16a454","0.2254710828952","No"
"0x7fd8a3e656c90a0e3cd703e4ba46aa4c9d9e84fb","1.47080507924498","No"
"0x7fdcd78669591bc6bf7a9e9925acd8ad55061fd8","0.0401317407678238","No"
"0x8000f432747ccdc71b9df9f8eb96effeeac6218e","3.26115091522497","No"
"0x800159e29cb98568e286374e305181813f0955e7","58.1223568467349","No"
"0x800342578dfd2c883f4460809ffffd72a7e8ce2f","0.553407602440819","No"
"0x80039dc3d5bb48ec4bd822c4e8828574fdcc51a6","2.94500722077878","No"
"0x803b9b8c6d789ffbc2bee0896ce42447c9731bfa","0.139475936524192","No"
"0x80448bbf434609aa141a7cd01b51d33faa78dc66","0.255574808564517","No"
"0x808a023b72260170c95d831f589a1ae0dca1e43e","42.1068815910277","No"
"0x80a1ab6b5ef75c49b27be853e53b72366c38537f","0.00011234127290498","No"
"0x80b6d3b532d073cd46d80a4c91e3f60189f4ed41","0.415088516454749","No"
"0x80ddeb49e165b877a5fce372f2b1b371eaec536d","24.3428170668793","No"
"0x80dedf60d12cdf44e7cea0b3befa036074a50f0d","1.17535752534111","No"
"0x8125dcf514e15374f34997b5f7da09ba0b14f8f6","0.426653818717199","No"
"0x8181f49f1ae41d5801bb9239d2bec888e60f83df","10.8107931895199","No"
"0x8209be0edd6f5babc31e78d3325d928557afac87","0.523775186282358","No"
"0x821101f0704cedf3a32194fddd1a9c401495d59b","1.75592561052763","No"
"0x821a96fbd4465d02726edbaa936a0d6d1032de46","2695.53038870791","No"
"0x8240f200e15b941bbb8ce1dfbdbe46021e1ad8d6","0.348918001903148","No"
"0x8286cdc18ce6d3de409e326578dd482a3e815c6b","0.36377674095939","No"
"0x82ba16456bdd95283bd3ef11ae9a175cfdb8dc75","0.417879648067649","No"
"0x82ea18a8ec672ef39ad49345207da0b221b36bb3","0.955168492295964","No"
"0x82fc4337f4d90733874875959e05e0d52432bedc","10.5208832031764","No"
"0x834da2e7bf0d17146efe4e01905c4ca6c14da3f4","177.370194816064","No"
"0x84094a38908ff7022fa7145f7df16ccb6d5ce459","0.1836375934482","No"
"0x84c38ccf25b8f1c5290a6bdbf6f37af0b5d66f00","118.750215469414","No"
"0x856305cabaa31b5e88b2ed50c954f9ae2554ce70","0.000112025309646624","No"
"0x85768f752ce0b5f0b27d30c220335bbec9ba22a4","87.1201260455002","No"
"0x86485658452a0fdd7d9039562c3ec5a2ed15dd0b","0.143960541821433","No"
"0x87329c624638400956c4683301bc5a7a856daa8e","0.599357103502132","No"
"0x873e0306bc92c6ad6e5cad3e67a6bd4c5e8bb7fa","316.404306642376","No"
"0x87616fa850c87a78f307878f32d808dad8f4d401","268.104118633352","No"
"0x87631c5745f41ed15a4e3fac8e2a86c2d9b87647","0.162261046168924","No"
"0x879aa25e8f037e98650271e5b555c997172039f5","0.9440759219654","No"
"0x88a8d8a13a69a182004dfa8dc680bee75df4bda5","1.95347496313086","No"
"0x891ca7e61d3868b9edbf20ddd045fc7d579e77d5","25.0670201666259","No"
"0x8a6ff6f5e5a89fd6d5404fde3519f6a497579571","0.26648510489545","No"
"0x8a8a0197364ad87ebed73f609d6792db9a18c796","30.3229935779407","No"
"0x8a9bcdc68d19e111663d6c986caf1da1eda1c304","5.93618042065299","No"
"0x8ae2db62ad5f0fb9bd9da8b40b9edef775d1b590","10.6964852942105","No"
"0x8b46c65cea244b045e0c076b3b3e502b3ab62d25","0.172089025744302","No"
"0x8b529db72710917ef2dc6d3bc9f61ae308ab19a9","2.83690608658291","No"
"0x8b6a8903c8ac057af4db7df4057170faf91f2a85","27.6018480588373","No"
"0x8c5c6adf33e8ba9ca44517648e183a94c868c889","10.6525067004854","No"
"0x8c9fcced4c9ec98ced2eec251e905e48dbfeb2c5","5.72573585158572","No"
"0x8ca24021e3ee3b5c241bbfcee0712554d7dc38a1","5086.97336849726","No"
"0x8ca964e7dba52deb032a3fd99740bd100058a77c","4.65235560350326","No"
"0x8d16c866e86057e471bae86dcc6251277e99dc41","0.262781983774107","No"
"0x8dfc298c549ac38f208508bb9fbc0373d45de502","0.874646523376077","No"
"0x8e1b7e5eaced1544e5fa0860cf25015702512339","6.34843375953568","No"
"0x8e884089f642ee9ed63c5ea457e40f20ead73d89","5.08750178336398","No"
"0x8f11902d6ddd254a1034ac2ff64a42d00a8226b0","25.8419459850334","No"
"0x8f619d631c90fd5f7e9e7accb2d539c85d6182f3","0.578332360007475","No"
"0x90c0bf8d71369d21f8addf0da33d21dcb0b1c384","7.98142248974773","No"
"0x9199cc44cf7850fe40081ea6f2b010fee1088270","4370.9575795833","No"
"0x91b9e59614995e13a32e36440ac524825f7ae39e","6983.15430266075","No"
"0x927165752a4ddf685f9d6ef21fd180b0f9bc7e03","14.3906003542529","No"
"0x93681e7a57dabc0e57633d15dccf880de4831426","7.71425140078891","No"
"0x93fc1f35f53a9553534979233caf273214c51fd7","5.1772988894624","No"
"0x9423b33aac5a5f43d839f812a7e5f77d4bad5e03","0.989861654519508","No"
"0x943fe4c19caaf7f8f3d2461e53bf19236739c234","0.0590776006588649","No"
"0x948f9d4ed11c0e8ef109a048d0113c26015b833b","0.96674921180589","No"
"0x949508892ac154121e0f2f335884c4d3de38a89f","106.957459633736","No"
"0x94cae6f2e73a8e7def6ec17f0a0b62c5ae34c341","3.5969461486374","No"
"0x95151fa406ba9a5cc9f463cc211f135cb01124f8","1.00614695760865","No"
"0x95d7ae61d7c6982e98b2a142b0074685b3a6057a","9.9992619048725E-05","No"
"0x95f1872c2c63f54072bd42f68beee71e0d6f67d3","10.9776","No"
"0x9833eee8055c425375dadeb12109c4b3ba667d79","0.360467898920362","No"
"0x98c0aad61ed2aac777b4d604855a2ebacf68d020","2.79801925842567","No"
"0x9960efa717444c45286a3aa26b635e830e3c45ff","2.3008942408619","No"
"0x99ed04c212dd3929e9063bd78b26ef41858cb62c","4.03640223410126","No"
"0x9ac8cd907c5d714baac75b576ff7a8aa93f6a6b3","0.164826369338341","No"
"0x9af999595a08210fcaa705f0491a800551f73388","164.604790682036","No"
"0x9b320ddb2ab2ed1b5ffa673f92ad42b40d921db8","1.79695297276925","No"
"0x9b54d1d45407506bca3205cc940770371e091d1f","384.552360562857","No"
"0x9b565a0117ff967c06a6bd88e31c3b1a2f623dcf","10.1241409724766","No"
"0x9c87d57584c2c47bb8b3aa95c088324946b688ab","7.4421672209598","No"
"0x9ca52b842635cf3cccf9a638623bbfceec7ad6ed","95.0153883376552","No"
"0x9ccbe14365a31f2a48e40724e45f148f64fac195","0.190085739805617","No"
"0x9d0f4d80c118911e325e4c5d84509fc448c4542e","0.272229159351216","No"
"0x9d1b1adce7202789980d42b463ae0b48bb669cf6","53.1497418897724","No"
"0x9d3a2657b4676349b2dd614247e5dd4b33fe303a","837.190455493605","No"
"0x9d50a80609aae214b8d6c34fbbd010a9d4769a76","1005.02035212159","No"
"0x9dc50d15c6e49a234f6fe70497d04b9c5e46656b","38.3308678669172","No"
"0x9e0643f1998f897ebb18d0bccdd3c160621433eb","8.8982880060433E-05","No"
"0x9e2b38c9ef8ff91f2c73ab0475bce66b14a4b31f","46.3336688242815","No"
"0x9fe401972b2a34ef7c311d829f4bee805c808f34","28.0637204805043","No"
"0xa0bf5b240634918c70d4ec9384dbd0111ef40b42","0.673879434076093","No"
"0xa1349cde05c534e747dca402eab1c901121890d0","5.47760215289855","No"
"0xa17973f25a4a84d036cecb76c26a22d0dfa85e77","50.4908016136495","No"
"0xa23f5e6974633d93b3f456d33b336628e6199947","795.420496940382","No"
"0xa32369a38a872d0f4da54301fcda5f3172b7eaa7","20.7859708056028","No"
"0xa3c45f347af64ea19c9f52694706254651faea9d","0.000112229998729423","No"
"0xa4d0b8a5cf2fcb72abec58bf9be156a2e0a58b7e","29.9456679393504","No"
"0xa53a13a80d72a855481de5211e7654fabdfe3526","117.019625327314","No"
"0xa586cbf75fb4b8987bab7d24be4545fcaa0e757c","0.429826438633421","No"
"0xa6331c3259a9ad9ede2c8479cbb7ee150eba3e6f","0.2304886239131","No"
"0xa655cd30eb39db07eade930a2fb3ebb9e3bc4e1b","106.880441633867","No"
"0xa8612c28c8f878ec80f8a6630796820ae8c7690e","5.37058270068459","No"
"0xa868ce6ee3a6cf0572eff83b3e437a2ddabf3c17","30.4160084672893","No"
"0xa91b24b6f0e966faf056278cea6267aaf0054304","8.4843330582197","No"
"0xa985c12cab14159abc12ecebb6c57d253d686ed6","3.99883392384235","No"
"0xaa3632d553c206433a9ac6e128048230ed5472e4","20.1571488680069","No"
"0xaa857ddce7b5b9cb17296c790cb40e8c11a3d4f0","895.435063728069","No"
"0xaabd5fbcb8ad62d4fbbb02a2e9769a9f2ee7e883","0.87061284328631","No"
"0xab0f88d49a4c80fbada18715c7233373078e6cd9","14.6273541272104","No"
"0xab205303361af614ebfce3a515fb73fd4b83d82b","133.84740143246","No"
"0xac60913f8e9821e9006507b05e1956f5a82749c1","4.27907580931425","No"
"0xacb36cf53cc8e39c383f573e7cec988af879a303","258.683490931472","No"
"0xad66810a7358ad499c611d50108d0e0a8733e913","5.1052498492717","No"
"0xad6c27971a40b1bb1916a990624cff897968b594","2.43570827647964","No"
"0xad948e1f72218196d23276b4f092ba8fa75b93c8","1.75139135859351","No"
"0xadc2bf9e955b2d8a4b37b77353e561413bf97724","316.403627054545","No"
"0xaddd1e03485bf77ccc02603860626505056ba8c7","0.787081600954669","No"
"0xadf0e9b0ac37aedadc66c0680791ebea8f8e4dac","474.517668245325","No"
"0xae2e7ceaab01e7c517ee13ecc791a649cb48716a","0.0711387909475393","No"
"0xae447efdb02d15d460d9c640710244f3ebad5473","116.099824202072","No"
"0xaeddeeb74a18510a7ce945e88f037e7b37aa5587","267.967211252299","No"
"0xaf1eb78af71d0d85b30f1d807d759b9db6c31af0","4.22198113547104","No"
"0xaf56b87702c3df3b04d419fbbfd61e8c890d7f6e","145.413188810641","No"
"0xaff6bceded11d06b5f554d58d4ab3525fac0284b","154.200595424053","No"
"0xb00b26f6ed37163a2d38d92c0e7dadcce417b1e4","8.98544788006084","No"
"0xb0331b22161ca290a15f825a29c008dcb5e1ff68","4.57071713559536","No"
"0xb04d92190a3dc00ae5bb821399776ed644eddb2d","9.999262239618E-05","No"
"0xb104241052a8d46893ab8e903d9d2ce11faab5c5","29.5151955592503","No"
"0xb188ee1daca51ce6b58ccf8a81ce4025a714bc73","0.105626562152427","No"
"0xb1fe4e761131ed67caac8c23bfd6473d3309631a","1.81223446860699","No"
"0xb26a90442a6e7259159328983249e382c179d9ae","163.343780085045","No"
"0xb2b194901208ab436bf236e6bb16eb7a0dbd287e","0.733021075846965","No"
"0xb385bf528b5257d5e402dfb0fd87d0f0bff3782e","2.81051228942213","No"
"0xb38dddeef66a9399820c52f5bbde920e77c0bcd6","6.23478061668E-07","No"
"0xb3cddcce2331bd516daa8aedf3a3840b17af5b7f","2.13633630453835","No"
"0xb4c2b19456e265584cf0ace4bc9a1d7793f04491","0.501922857929278","No"
"0xb56f74c283c8647f4b2c56470624c8efad97b82d","0.652883686433188","No"
"0xb59c482e2b78956b8ea8cf8f85a1f40133cf7154","0.248827295631072","No"
"0xb5bf091e312e244c5417eae573f27fba573ad1a8","0.241112748294632","No"
"0xb6ad42d615759e50c8087849a2f6f0e2032f7085","0.695297854299436","No"
"0xb7857d5a1888889bcd033b5a8eea33e4ff7ef684","0.46200062366665","No"
"0xb817084ab5c732dfcebe597a6dc5c48055d8f5e2","0.0700985057606034","No"
"0xb87fd4dd116ec684c9f4a4e34c43fc0b4500a57a","78.699506125038","No"
"0xb8a16cb7981aa45697ac255d61729a39df53ec93","0.210703200971083","No"
"0xb90d27025a23a300dd2298182b9a2df08aced554","0.579125305037558","No"
"0xb97f19671557be38c3dddb6a2f98fe67e3263f86","5.60377627609033","No"
"0xba21f872c1f3e1fab239bf0826c694282d7e9950","1.70036977429021","No"
"0xba3c494f3b3937d1c8101ffbe1588023ad5ea0a2","61.6628185544784","No"
"0xba8b871fed50bf9e764a4b350c01ec3ca5d03f28","2.4773856800455","No"
"0xba9c9054dc0c220c604d2ea48d4a908a0feb9db4","0.468068943582721","No"
"0xbacc1cdb4d0a6bd684bb049515a431f817ef2fe3","12.9681699694465","No"
"0xbb19053e031d9b2b364351b21a8ed3568b21399b","7149.68837491554","No"
"0xbb455ff36e9bfd44e862ac01724c4f9dd470306f","17.2132157025971","No"
"0xbb6777ddb6497f80296535f0a7c409981fdc5769","14.6211657095222","No"
"0xbb9e0f930069b15b26218e379562819fbeaeee45","26.6841866592328","No"
"0xbba6e71e4aa9deccd8ec3c2804a3ae06191aee2b","0.0491480791116533","No"
"0xbbe3b4383f07c96eb59c9f950b48d2c9755644d6","0.103682484469657","No"
"0xbc1789d2782705687a149ea4953d6a0bf8328586","48.9282813028527","No"
"0xbd015d82a36c9a05108ebc5fee12672f24da0cf4","2.63684842127389","No"
"0xbd322f7b485fe4ccf1eac91f915525e332345b64","0.89999155233767","No"
"0xbd94fef81f1aee361adcaeac035c7eacbb8866fc","3.35392663525371","No"
"0xbdc1340bedeb6a65d96f2cb319028208f35da8c8","1338.82984648258","No"
"0xbdf69d512d2b0c72d3a61f8de5f673cc2c259e64","18.2889065507103","No"
"0xbe625e5055aa83748e67dae0ca8609729e01bde5","5.05889484908824","No"
"0xbe77a129eb5eef922a0867a38efcb2b6fa6c63e8","2.24185870717912","No"
"0xbe79665b3dcecfe1dd821f8714bc9bfc441ef92a","76.9491813709872","No"
"0xbf15bd159ae5b410c4b7d4ae0230fb81f2f21cf1","23.8727535382965","No"
"0xbf299c79a2752f9945198b6ab48237de20f9c063","1.51144114234143","No"
"0xbf370b6e9d97d928497c2f2d72fd74f4d9ca5825","54.1420214314248","No"
"0xbfb53ae6a916c84a0af5e530d336cec1a33de1c4","4.90458542385267","No"
"0xbfcf0b178f1d0c28c10e2fc9950a877103a5815d","11.9357625062406","No"
"0xbfedb49b7e15a097eef5549b4b9070dc2d2e83ac","8.9416866420212E-05","No"
"0xc00fc2775cce5b61ffd6ec1eec0de0119f25dc87","0.280239310605431","No"
"0xc0223ab23b519260ae7c52dfb0a3dff65da8385a","7.5658894000416E-05","No"
"0xc02a0ffc3a2b142954848f3605b341c42d1d58f4","976.341609942374","No"
"0xc02cac457d65b1d0783a5221741a104c81798cf0","0.000112341273373018","No"
"0xc20ea944df44d2137a77fc724d64742dc815c12b","13.8939631111705","No"
"0xc3acc284b19a17e4e8fdc3e8d9c1858299b44e88","0.000112229997440126","No"
"0xc44607168a02995ef1498eb22f4b5c5014595bf2","0.696934281162351","No"
"0xc45d149955922e440fb19d7e4c4577eea8e6edb2","0.207727679017272","No"
"0xc49b4fbc49c92865d6c4adbebc9a7e93c3610852","0.413322843505446","No"
"0xc4a39f88a5dc0e3e2bc22d51cbeb0cb8d10e817c","54.9953220146011","No"
"0xc4c69760cad701b9280217fad51cb81bf7d5cd01","27.9851905356037","No"
"0xc5877dbf04dd8298f730498af4bbe6be6d3170f6","0.365496126062212","No"
"0xc5c5b53438a7fc9cddea4f0ded2d12fbf75b6c76","97.8395973134144","No"
"0xc785365dcce43c6fcc3912f3c1bd4edaaa3986f8","32.9721730724337","No"
"0xc9625c9f93a14b3b9ca2ab918282c0f4b4b7ef6e","116.723114575474","No"
"0xc9bd76858326ee8cf636a6588c61894a1d62d1ab","0.436839659136561","No"
"0xc9ff6098e1ccaa189685527003e70a8de32d2552","3.49848221980632","No"
"0xca0bd0a76839418bda911d46fe457c25648ebfe7","0.13163007025304","No"
"0xcaab2680d81df6b3e2ece585bb45cee97bf30cd7","762.766508718155","No"
"0xcae84cb064aa2f60a805d1a5d1ee39ee90ddfb2f","1.88325029805899","No"
"0xcb5daf047067ecb71288ae9518a07024833ce83b","21.526385770272","No"
"0xcc512fed22e36619faa8e100d8417934319d0eb4","0.237374596767596","No"
"0xcc975278f9996b5e0055a11d74fc08e5debac871","0.0115308746156718","No"
"0xcca3240d6f01d33aa4c4f07db4077f3eeba29a45","0.0273041765148682","No"
"0xccc0c4bce9bb105612a49180ccc0ccb02b0a36ae","0.548365905164045","No"
"0xce0f3c0a7d07ab7cd5e06b489ae77916433bebd7","1.49016435478027","No"
"0xce1559448e21981911fac70d4ec0c02ca1eff39c","0.30848572845365","No"
"0xce48e4d0bfe48a433c7a9017132182d5da81bffb","22.8562132895316","No"
"0xcecd5557fcc879bfeb4d209eaf646311fc30efd5","4949.08923109208","No"
"0xcf486b1af15178f73f69a921d8a2ffacafcc2280","6.359609781316","No"
"0xcf679b13dec90ee1fdb8edc3faf659c79d97af3c","0.990339360758584","No"
"0xd00c9494f8a7a604be07b04a1dcca2d2b04fce6c","1.04552562733568","No"
"0xd09ca75315e70bd3988a47958a0c6c5b30b830e1","1364.52072371793","No"
"0xd0dc07b98769f23a7bdbef15a35faa256cb65dcf","0.0473561685441584","No"
"0xd18001f022154654149ed45888c9c29def6d3ce6","247.248697307619","No"
"0xd34427950f74a15bd18d1be4cb3dd5dd65f9eb1f","323.23255337563","No"
"0xd44bbaba08809844473a0cfe19a7082bcc46cb5f","12.1720053765303","No"
"0xd5431fecbb14f20f8ee68360b586d84d589f9f77","298.356153245513","No"
"0xd5b6683f36f4e49c5b81afbd1039d3e539cd886c","9.9992622070949E-05","No"
"0xd61579d930cb2355cc61c3f6f550d8fca209b08b","0.871979874792879","No"
"0xd617b927b949d980451bf5d799e7bb532e0041f0","8.97238282565197","No"
"0xd6926be19705147adf5f4fb06322a5b46ba3a9cc","0.249168731290287","No"
"0xd6ac395afb603ee7f952aaf340c37c63f2988a4a","23.5479148346899","No"
"0xd6e371526cdaee04cd8af225d42e37bc14688d9e","34.1568479791013","No"
"0xd7434f7a62629be53647b9a07ae322f51f9df52e","0.335706153237203","No"
"0xd790a1516f78e3fb52338084b5c5931a75bb19cf","1.30472524789445","No"
"0xd794ad8ce1b59a2babd5319d59e32149b61e8dc0","0.0964954595079258","No"
"0xd84fdafde5db52fea2235e0370c5168bfb89a1fa","3.22065965384111","No"
"0xd89931d159a32516db452b157465935b4dde31a1","1.27267704723662","No"
"0xd8df63b2031e7fc472a9f816ba4274b467abb5e8","0.000112248302786016","No"
"0xd9131de0ae0ab3d0d69492e3d38901dc34a679ff","1.35844389786433","No"
"0xd9d3dd56936f90ea4c7677f554dfefd45ef6df0f","16.0302436241846","No"
"0xd9d6d471f9c005e4d5071a3e6664daf917d6053c","2.1779681823862","No"
"0xda6b2a5e0c56542984d84a710f90eefd94ca1991","5560.84150867082","No"
"0xda9838b546621903eefb42cb631f4b560f6ab463","0.0067987623256141","No"
"0xdaa634f9d988ce9ea725fa78470d0b14f87a1fa2","12.3582373002038","No"
"0xdb19c47e87ed3ff37425a99b9dee1f4920f755b9","0.842739171361522","No"
"0xdb2b36c24064a0115fa0474fde4d9ba1f1099122","147.517987736789","No"
"0xdb4c9c0ab25976805e1a7869a4a1ed7f6d43a448","485.257262794877","No"
"0xdbb52770a1124594b3329f619935418204607fb0","0.000112025742025295","No"
"0xdc04d5575905cb3d8697fb36693ed801446f49bf","2.31821159886742","No"
"0xdc6b04b4e40fde7c0e9ee1171f913febdbb4b88b","1.71380543722387","No"
"0xdc7f990ec4d2f2470bdeafcabb9ae2c17cc11312","1.17215276635537","No"
"0xdcc7a0be39ac6605febc41fb5540281a3cf23482","10.4524240904518","No"
"0xdcd7fb7bbcf699fe149436aa8355dac0c130ab16","0.000112229999197678","No"
"0xde1b62535e31561c78ba20e49053f2dbcff4b9cd","0.389610365563845","No"
"0xde3258c1c45a557f4924d1e4e3d0a4e5341607ee","898.949307365424","No"
"0xde6c0faaeab798ce707de7330d3390b6803efc5a","96.0225556583682","No"
"0xde7acbe56597bb6ef5aec1d6d3862b8d2d86ad8a","0.000112660481202439","No"
"0xde9c3fdb901eaeef8a18e07b810c0e5c9ce788d7","2.54638279987207","No"
"0xdeb0804d5e54d49c1923da459730e66b60eead6b","17.9489942803291","No"
"0xdf0d12c0ef725933340416d30395c9ad085b6569","4.89377045506039","No"
"0xdf90629d9982db4e7d49bf35d5bee035deb667dd","4.86245265624859","No"
"0xdff4d4f1aa998e83a1b84fb655d9902c1e12e548","1.30020460419657","No"
"0xe07f6558959a69b3b889f3678927add90e12b01b","0.00310545718138453","No"
"0xe1e26bda7723bc5f63adc3cd54eb4db1e3f3f918","0.000299977862790156","No"
"0xe1f754aa5da98f33de156737628c4d78cba26848","0.000566969474393691","No"
"0xe2075729ecd98677c0fc2f600a246e50d563ecf5","1.67875669717448","No"
"0xe2516e29decd4210948afaf0abf82bb6ee5c1094","30.1936041334335","No"
"0xe25483089effe5fbef5a455454e00c1ec111a1ce","0.204024574457747","No"
"0xe27ddcc6adc182a36f5c37ff2c5a408d21702ca3","0.0354708328237429","No"
"0xe2bb94210b41ce4c01b9b97f3ac62e728e472f9c","102.904691496631","No"
"0xe31ca893b9e7d221eec832416372a851ba5b0071","0.825088975359977","No"
"0xe33e6507b06a7caadfbe1369c8c9eed08461c2c5","0.0361355739811232","No"
"0xe3e39161d35e9a81edec667a5387bfae85752854","6.77521517020723","No"
"0xe40637dd4593569949bf085f1681e0ac16be3aa1","0.000824808447104554","No"
"0xe44887452c613dcc3ddee1fef97668442c42d35e","8.9385698516368E-05","No"
"0xe463ddfe85e7128bc1b358dec7285b409cce6c45","1.77653412223583","No"
"0xe47ed204b63adfb80c90082c088fc2a430f9a558","0.290175709519271","No"
"0xe4cb3d54c6224b05183f02dd17bf93a041620691","17.7170555360123","No"
"0xe55cadb8ea9e10f6e938aa913e03aabe9c1eb4ad","0.0771771804197349","No"
"0xe5a4dad2ea987215460379ab285df87136e83bea","14.4629540334094","No"
"0xe6384e89d1cc9d7826a05722cb50e09b75f43c2f","12.0819068278597","No"
"0xe65c2be6254731e93368cc071a2420b0c961451b","44.9695084391608","No"
"0xe67e43b831a541c5fa40de52ab0afbe311514e64","151.025967585349","No"
"0xe68d7a6c421e2d220b5840116008c9abdbcf53b2","722.456888254854","No"
"0xe743671e61d73e04daaeb0d8c70050a7a7516e60","1.46872223154223","No"
"0xe76b56b2470dff9ba30d94379482ab24b4a324d2","9.00662131326101","No"
"0xe76be9c1e10910d6bc6b63d8031729747910c2f6","1.21806384845051","No"
"0xe7a76d8513e55578c80e4b26fc61ee7d4906d4cd","1360.95723320456","No"
"0xe850c7b2f68738415f05486bf4e17a8c20eff14e","17.4361034125238","No"
"0xe8578cf56d88bd34d89a73b1ae80c973a2891c72","1.36391774443557","No"
"0xe944f510eb05804db5f179ceb49bdc528340988d","969.725176662286","No"
"0xe99aa2fa5bdc93207d4e483d4604d3c77a6e576a","0.350540854885661","No"
"0xe9c245293dac615c11a5bf26fcec91c3617645e4","12.5292277995784","No"
"0xea2820c575ffeacd5729fcbe1cc00afb6ff32364","0.000112660481554388","No"
"0xea745c344e8198b602df3af937bcbf3a1d917817","20.210812661308","No"
"0xeb7fe5181edefa6175cdde2402fcdb2930b0ff0c","71.5370598875623","No"
"0xec7929dcbb91793596fdded022307f1627fc9017","7.8533452326619","No"
"0xec80b5494e873fd9a7c7bf2368d743b38eb0b9ea","55.7269300075192","No"
"0xed02dac9726f15498559c05ce56470ab4d18eaef","23.9934463924207","No"
"0xed8519ae77cc91f4d56a368154ac313d0a31a6b3","161.522253609171","No"
"0xede8f53a188c333096ab5f96f9fcd8f269065694","491.276175580263","No"
"0xedf68f3d05ee9f1148eaf319f5cdc6f58a8a5128","0.000112517901133709","No"
"0xee1b82dbf216504351e84d94c2590df243a258f1","0.671452701585311","No"
"0xeed31a78b20a48461315ba1fcccfd5bd347a24a5","1.1969453933294","No"
"0xef8305e140ac520225daf050e2f71d5fbcc543e7","3.867766298901","No"
"0xefd0199657b444856e3259ed8e3c39ee43cf51dc","18.3338280580274","No"
"0xf14fc29a5a686c112df2780427fb25c1e44ed84a","0.0259663838523536","No"
"0xf15aa8d4d867744260d0a30d4e8fb116588ec182","0.0562252760845512","No"
"0xf163a83ad72e6da9291d985df1744b90294b3d2c","27.5879092482578","No"
"0xf205ee0e32a6a94a57776735b7b8e93f8c895adf","1.82570374922715","No"
"0xf265c97c384e375a4a58505e07e553472be36503","0.00011202530929344","No"
"0xf2ae562c39d9ffe6c2a723c5549d65efe4036d86","1.19040182883798","No"
"0xf411c990cabec0f3b66a7cf2727d7888b651d53a","2.17259056749791","No"
"0xf4290ab1a8129b8b887d3ab331f24ecf812bda8e","8.14858237290114","No"
"0xf42d17a0637ab7beb6f8993cd543c8c88ba2578e","0.0835098442733544","No"
"0xf4c2782dd4440c029705dde5c2566df23922cbe2","8.8971327244715E-05","No"
"0xf56717f28cb611a08de9aed558d2a9574597b05f","30.719643988703","No"
"0xf59e58ff8b8ba7cbbb22e583b2d4be309e0adbd3","16.3355720202049","No"
"0xf64ba06b00f296a1bf8fd90adc9b889fa2b34504","2.24446398428897","No"
"0xf694197103dfb3e2d1a21effb72f945710fbefc9","2406.71965710008","No"
"0xf6aaada76ea7f044ffa028565b028740dce5389f","6.65896303132703","No"
"0xf6dde84e514d3642fa8b111ead8321dbdf3bcbbe","6.28240861465295","No"
"0xf7080036e39c37c6b466373dab97c3e58e9dd575","5.09882413454889","No"
"0xf7476db5b717ac661c027e684456115ab1e728c3","160.871613897041","No"
"0xf7b18e107eb36797f4ce36de756630b9c30969ad","0.752240394978451","No"
"0xf7b9ba7eb8e7542dd71825f695ce01f5f1d7b7df","2.0619540495105","No"
"0xf7d3498612104a25d8a6e271441e0e9fb24d224d","7.41949667150955","No"
"0xf86223aec473ced3c9ccf4d52a5d109c09dbb109","2.25481720410371","No"
"0xf88de87eaa207cf496760aef7cd61cf1d2d12052","198.706184665156","No"
"0xf89694c646d448c19319d1394996a43a9bea5ccc","2.20966520918067","No"
"0xf89bb80788a728688015765c8f4b75f96a87a5b3","6.13644178317386","No"
"0xf91bf8477cd04f9445fa6815c66c7ac669b91d06","19.2845375184229","No"
"0xf929122994e177079c924631ba13fb280f5cd1f9","27.0261233763037","No"
"0xf9ebfe2b0c205c437214a714a28903859349cede","0.052986720587241","No"
"0xfa50e8ae8e380fad984850f9f2ba7eb424502d6d","6.07828823903767","No"
"0xfadafce89ea2221fa33005640acf2c923312f2b9","263.816411782406","No"
"0xfba4f88dfa6de3dafd7bafdb527d36eba840cc05","22.0003321385722","No"
"0xfbf75933e01b75b154ef0669076be87f62dffae1","772.597043761186","No"
"0xfc67418ff4ffb7f39769587bfd425d750b9f0663","2.11229984615753","No"
"0xfcf7a4d30f46fa6d24987819a30a96c7e4ef85e2","0.01","No"
"0xfd2a40323f79a4832c32833de1597174d75874b9","0.000112229997908381","No"
"0xfd8158d674036aa6294d268ec4fef6187f79fc2e","14.5849063991071","No"
"0xfd8ee0bb372c48e1ecb4157d41359e7d70da897c","7.6411581090644","No"
"0xfe17c1de67dc4c0ff1b24f7faedc98abba2c5565","5.04568725331786","No"
"0xfe36046f6193d691f99e2c90153003f8938cfc41","3.03818686747009","No"
"0xfe40c0f8c6e9072e00118f0a4576408c058a570a","5.74790464851192","No"
"0xfe73b5a595405bac396c329c674571a7a3db528c","1626.93438563064","No"
"0xff02cafab494863805359d62e387954edd2b0f37","0.0808746760983164","No"
"0xff052381092420b7f24cc97fded9c0c17b2cbbb9","34041.3442185404","No"
